geo_hash,date,predicted_request_count
qpz6e8,2025-09-25,6.4860277
qqgb0x,2025-09-26,10.379415
qqgfmy,2025-09-26,9.536699
qqgfps,2025-09-26,7.5377727
qqgfqd,2025-09-26,8.295422
qqgfqp,2025-09-26,7.5300007
qqgfqr,2025-09-26,7.932484
qqgfst,2025-09-26,12.507937
qqgftc,2025-09-26,7.6273417
qqgfw1,2025-09-26,11.4201765
qqgfyk,2025-09-26,8.415031
qqgfz2,2025-09-26,6.559541
qqgfzh,2025-09-26,7.2031856
qqggc5,2025-09-26,8.9425125
qqgggv,2025-09-26,7.6829753
qqggn2,2025-09-26,7.494424
qqggny,2025-09-26,13.835747
qqggpw,2025-09-26,16.067059
qqggqm,2025-09-26,13.127117
qqggqz,2025-09-26,11.440924
qqggrf,2025-09-26,8.896378
qqggt4,2025-09-26,12.12053
qqggtd,2025-09-26,8.503142
qqggtt,2025-09-26,10.855103
qqggvh,2025-09-26,9.241573
qqggw5,2025-09-26,8.282889
qqggwt,2025-09-26,9.9230995
qqggx5,2025-09-26,9.67079
qqggx6,2025-09-26,9.00627
qqggx8,2025-09-26,10.917205
qqggxx,2025-09-26,15.120859
qqggy8,2025-09-26,13.429028
qqggyc,2025-09-25,7.754829
qqggyr,2025-09-26,10.047204
qqggz1,2025-09-26,8.183388
qqggz5,2025-09-26,9.413869
qqggzr,2025-09-26,11.029481
qqgmpg,2025-09-26,18.338066
qqgmpk,2025-09-26,12.66843
qqgsr1,2025-09-26,17.401766
qqgsxx,2025-09-26,13.626741
qqgu2n,2025-09-26,17.880486
qqgu3f,2025-09-26,14.93774
qqgu4f,2025-09-26,10.714239
qqgu4q,2025-09-25,8.911454
qqgu58,2025-09-25,11.9925165
qqgu5p,2025-09-26,7.339596
qqgu5s,2025-09-25,8.593182
qqgu6h,2025-09-26,11.499649
qqgu6r,2025-09-26,8.788074
qqgu75,2025-09-25,7.1819777
qqgu93,2025-09-25,10.149832
qqgu9v,2025-09-26,12.677253
qqgucs,2025-09-26,12.696253
qqgud5,2025-09-26,11.440426
qqgudx,2025-09-25,6.990506
qqguf6,2025-09-26,10.155683
qqguf8,2025-09-26,9.605805
qqgug0,2025-09-26,9.0560875
qqgugn,2025-09-26,16.04325
qqguh4,2025-09-26,7.9949613
qqguhk,2025-09-26,8.729585
qqguj8,2025-09-26,9.382994
qqgujk,2025-09-26,10.751609
qqgujy,2025-09-26,8.110042
qqguk0,2025-09-26,13.20135
qqguk3,2025-09-26,10.398636
qqguk9,2025-09-26,6.5506053
qqgukp,2025-09-26,10.526555
qqgumz,2025-09-26,9.859947
qqgun4,2025-09-26,9.881393
qqgunh,2025-09-26,9.381871
qqgunn,2025-09-26,8.751282
qqgunw,2025-09-26,6.7527313
qqguny,2025-09-26,7.6771917
qqgupk,2025-09-26,15.519668
qqguq5,2025-09-26,8.015221
qqguqb,2025-09-25,6.80119
qqguqp,2025-09-24,6.749265
qqguqv,2025-09-26,8.369552
qqgur1,2025-09-26,15.495977
qqgur7,2025-09-26,8.511483
qqgurf,2025-09-26,7.093969
qqgurq,2025-09-26,10.721515
qqgut0,2025-09-25,11.863476
qqgut7,2025-09-26,8.534507
qqgut8,2025-09-26,9.595605
qqguu4,2025-09-26,11.545843
qqguuc,2025-09-26,8.396794
qqguut,2025-09-26,14.333214
qqguux,2025-09-26,7.602756
qqguv3,2025-09-26,9.329527
qqguvk,2025-09-26,9.903582
qqguvs,2025-09-26,11.861187
qqguvt,2025-09-26,8.186737
qqguvu,2025-09-26,8.546269
qqguvv,2025-09-25,8.786982
qqguw3,2025-09-26,10.283358
qqguw6,2025-09-26,7.960174
qqguwc,2025-09-26,7.8899336
qqguwf,2025-09-26,8.421034
qqguwg,2025-09-24,6.6843944
qqguwt,2025-09-26,10.701536
qqguwu,2025-09-26,7.8940043
qqguwv,2025-09-26,9.497657
qqguww,2025-09-26,7.0385113
qqgux3,2025-09-26,13.7097645
qqgux5,2025-09-26,11.293281
qqgux6,2025-09-25,7.329966
qqguxb,2025-09-26,16.229525
qqguy3,2025-09-25,8.426328
qqguyc,2025-09-26,11.768293
qqguye,2025-09-26,12.517935
qqguyf,2025-09-26,10.504454
qqguyj,2025-09-26,12.867694
qqguyp,2025-09-26,8.5356865
qqguys,2025-09-26,10.843086
qqguyz,2025-09-26,7.942112
qqguz0,2025-09-26,6.888241
qqguz2,2025-09-26,14.907228
qqguzb,2025-09-26,6.987864
qqguzg,2025-09-26,7.5056233
qqguzj,2025-09-26,15.588962
qqguzr,2025-09-26,14.680752
qqgv43,2025-09-26,12.940553
qqgv59,2025-09-26,11.154913
qqgv6v,2025-09-26,24.586641
qqgvh1,2025-09-26,11.238959
qqgvhd,2025-09-26,12.156899
qqgvhk,2025-09-26,15.556333
qqgvkb,2025-09-26,8.661856
qqgvkh,2025-09-26,19.299023
qqgvn1,2025-09-26,9.087693
qqgvn8,2025-09-26,20.275179
qqgvne,2025-09-25,8.491941
qqgvnm,2025-09-26,11.709804
qqgvnu,2025-09-26,10.42768
qqgvp0,2025-09-26,7.188306
qqgvp9,2025-09-26,8.008744
qqgvpd,2025-09-26,20.804697
qqgvph,2025-09-26,9.9869995
qqsxbh,2025-09-26,15.280766
qqsyhq,2025-09-26,13.957198
qqtttz,2025-09-26,15.034855
qqu08u,2025-09-26,14.539379
qqu09e,2025-09-26,18.595192
qqu1ez,2025-09-26,12.129226
qqu1nn,2025-09-26,10.976006
qqu2n8,2025-09-26,13.608551
qqu2rd,2025-09-26,13.238957
qqu2vm,2025-09-26,13.909981
qqu2zj,2025-09-26,18.750547
qqu30r,2025-09-26,15.786269
qqu486,2025-09-24,7.2007318
qqu505,2025-09-26,9.663014
qqu58z,2025-09-26,8.888187
qqu59s,2025-09-26,10.676737
qqu5bh,2025-09-21,6.8351283
qqu5br,2025-09-26,9.101741
qqu5d7,2025-09-26,14.069004
qqu5f0,2025-09-26,12.18206
qqu5fj,2025-09-26,10.145047
qqu5vz,2025-09-26,19.052252
qqu5yc,2025-09-26,21.619547
qqu5yq,2025-09-26,8.430025
qqu6uc,2025-09-25,8.718045
qqu7bf,2025-09-26,22.328796
qqu7dr,2025-09-26,14.273079
qqu7mx,2025-09-26,22.518446
qqu7t6,2025-09-23,8.695565
qqu81h,2025-09-26,9.171586
qqu82n,2025-09-26,13.611081
qqu832,2025-09-26,13.183475
qqu83j,2025-09-26,9.944908
qqu85b,2025-09-26,15.407717
qqu86t,2025-09-26,10.8709955
qqu88q,2025-09-26,17.758924
qqu88z,2025-09-26,25.744513
qqu89b,2025-09-26,9.455871
qqu8dv,2025-09-26,15.691243
qqu9pg,2025-09-26,11.4254875
qqudev,2025-09-26,7.8415895
qquh05,2025-09-26,10.788012
qquh14,2025-09-26,10.725598
qquh16,2025-09-26,20.477768
qquh2b,2025-09-25,7.3282337
qquh2c,2025-09-26,8.839394
qquh3t,2025-09-26,11.16709
qquh53,2025-09-26,10.732316
qquh5z,2025-09-26,17.45677
qquh64,2025-09-26,15.921609
qquh6q,2025-09-26,14.805145
qquh6t,2025-09-25,6.657107
qquh6w,2025-09-26,8.050752
qquh7n,2025-09-26,20.705275
qquh97,2025-09-26,10.811357
qquh9c,2025-09-26,9.645808
qquhb1,2025-09-26,16.934113
qquhb2,2025-09-26,9.154334
qquhbd,2025-09-26,11.442913
qquhbp,2025-09-26,19.364506
qquhbz,2025-09-26,12.458205
qquhcu,2025-09-26,8.775813
qquhdc,2025-09-26,8.485485
qquhdf,2025-09-26,10.580067
qquhdy,2025-09-26,8.962577
qquheq,2025-09-26,15.999284
qquhes,2025-09-26,10.407025
qquhf3,2025-09-26,17.04122
qquhfg,2025-09-26,10.119165
qquhfn,2025-09-26,11.807765
qquhfy,2025-09-26,15.010414
qquhg4,2025-09-25,9.786116
qquhhy,2025-09-26,24.777832
qquhmt,2025-09-26,19.55144
qquhnt,2025-09-26,12.30532
qquhq8,2025-09-26,15.208352
qquhsb,2025-09-26,11.3911495
qquj0m,2025-09-26,18.07465
qquj0z,2025-09-26,18.068342
qquk18,2025-09-26,20.846373
qquk1g,2025-09-26,24.58332
qquk49,2025-09-26,15.920605
qqv0k2,2025-09-26,15.497708
qqv1y1,2025-09-26,17.169518
qqv2dw,2025-09-26,11.941191
qqv50t,2025-09-26,15.523318
qqv5cn,2025-09-26,19.082739
qqv8gf,2025-09-26,8.731797
qqv8gm,2025-09-26,11.825066
qqvbj8,2025-09-26,24.045431
qqvbxr,2025-09-26,21.716309
qqvby3,2025-09-26,21.267847
qqvbzc,2025-09-26,17.613737
qqvbze,2025-09-26,15.662264
qqw7xx,2025-09-26,17.286179
qqw7xz,2025-09-26,9.662598
qqw7zw,2025-09-26,15.355313
qqweb6,2025-09-26,14.354313
qqwhp7,2025-09-26,21.959063
qqwry0,2025-09-26,13.293787
qqwuct,2025-09-26,19.886847
qqwv08,2025-09-26,19.417854
qqwx27,2025-09-26,8.9072
qqwxb8,2025-09-26,21.436405
qqwxbg,2025-09-26,15.855007
qqwxbh,2025-09-26,24.445139
qqwzsj,2025-09-26,9.458337
qqy2pf,2025-09-26,9.3451
qqy2pp,2025-09-26,13.996027
qqy2pv,2025-09-26,8.122647
qqy80u,2025-09-26,21.507603
qqy819,2025-09-26,8.835542
qqy81y,2025-09-26,15.871692
qqy828,2025-09-26,14.895186
qqy82d,2025-09-26,20.188318
qqydr0,2025-09-26,13.518846
qr3g1m,2025-09-26,14.832226
qr3jkb,2025-09-26,11.164601
qr4c6b,2025-09-26,20.174576
qr4c6y,2025-09-26,23.25131
qr4cs0,2025-09-26,17.848814
qr4fuk,2025-09-26,10.73514
qr6rp6,2025-09-26,24.325304
qr6rpc,2025-09-26,15.846236
qr6rpd,2025-09-26,22.44474
qr6rpy,2025-09-25,10.288287
qr6rqc,2025-09-26,14.855576
qr6wbq,2025-09-26,11.418724
qr6x0p,2025-09-26,10.984936
qrvxxy,2025-09-26,12.732226
qw6x4k,2025-09-26,8.828327
qw84g4,2025-09-26,18.721285
qw8hke,2025-09-25,7.386011
qw8hy2,2025-09-26,7.825705
qw8k3n,2025-09-26,12.429293
qw8nen,2025-09-26,14.647907
qw8nhq,2025-09-26,12.011219
qw8nj4,2025-09-26,17.093615
qw8nmy,2025-09-26,21.996628
qw8nq3,2025-09-26,24.930622
qw8nqr,2025-09-26,24.095226
qw8nte,2025-09-26,24.874722
qw8ntw,2025-09-26,23.841084
qxg0dz,2025-09-26,24.744999
qxg0gp,2025-09-23,8.252689
qxg159,2025-09-26,22.483316
qxgjw6,2025-09-26,25.12391
qxgm1q,2025-09-26,24.997425
qxgm3b,2025-09-26,26.304817
qxgm3u,2025-09-26,26.3925
qxhfmb,2025-09-26,10.886272
qxhfsc,2025-09-26,9.766928
qxhfsy,2025-09-26,13.831188
qxhftz,2025-09-26,9.391026
qxhfwh,2025-09-26,24.441656
qxhfwj,2025-09-26,9.454865
qxr153,2025-09-26,20.150427
w0whm4,2025-09-26,18.570498
w0wht9,2025-09-26,24.262045
w204gg,2025-09-26,9.80348
w204ut,2025-09-24,7.9913383
w21yq4,2025-09-26,7.0431995
w21yrk,2025-09-26,19.343426
w24m4p,2025-09-26,18.30352
w8589q,2025-09-26,8.047428
w858c1,2025-09-26,7.166983
